<application>
  <component name="AndroidLogcatFilterHistory">
    <option name="mostRecentlyUsed" value="package:mine has" />
    <option name="nonFavorites">
      <list>
        <option value="package:mine has" />
        <option value="package:mine" />
        <option value="package:mine Redukt" />
        <option value="package:mine spent" />
        <option value="package:mine ActivityLi" />
        <option value="ActivityLifecycle" />
        <option value="spent" />
        <option value="DeviceIdle" />
        <option value="package:mine Worker" />
        <option value="package:mine Spent" />
        <option value="package:mine Work" />
        <option value="package:mine SEND_" />
        <option value="package:mine " />
        <option value="package:mine com.newrelic" />
        <option value="package:mine elic" />
        <option value="package:mine has start" />
        <option value="package:mine Formula" />
        <option value="package:mine has spen" />
        <option value="package:mine edukt" />
        <option value="package:mine Red" />
      </list>
    </option>
  </component>
</application>